Workbook

Sheet Resumen
A1: Control presupuestario — Programa Logística Integrada (CLP)
A2: Resumen por subproyecto calculado con fórmulas desde la hoja Detalle.
A3: Subproyecto | B3: Vigente | C3: Comprometido | D3: Real | E3: Disponible | F3: Ejecutado | G3: Estimado al término | H3: Desviación | I3: Contingencia vigente | J3: Contingencia base
A4: PROGRAMA | B4: =SUMIFS(Detalle!$E$4:$E$12,Detalle!$A$4:$A$12,A4) | C4: =SUMIFS(Detalle!$F$4:$F$12,Detalle!$A$4:$A$12,A4) | D4: =SUMIFS(Detalle!$G$4:$G$12,Detalle!$A$4:$A$12,A4) | E4: =SUMIFS(Detalle!$H$4:$H$12,Detalle!$A$4:$A$12,A4) | F4: =IFERROR((C4+D4)/B4,0) | G4: =SUMIFS(Detalle!$K$4:$K$12,Detalle!$A$4:$A$12,A4) | H4: =B4-G4 | I4: =SUMIFS(Detalle!$E$4:$E$12,Detalle!$A$4:$A$12,A4,Detalle!$B$4:$B$12,"CONTINGENCIA") | J4: =SUMIFS(Detalle!$C$4:$C$12,Detalle!$A$4:$A$12,A4,Detalle!$B$4:$B$12,"CONTINGENCIA")+SUMIFS(Modificaciones!$G$2:$G$7,Modificaciones!$E$2:$E$7,A4,Modificaciones!$F$2:$F$7,"CONTINGENCIA",Modificaciones!$C$2:$C$7,"enmienda")
A5: sp1 | B5: =SUMIFS(Detalle!$E$4:$E$12,Detalle!$A$4:$A$12,A5) | C5: =SUMIFS(Detalle!$F$4:$F$12,Detalle!$A$4:$A$12,A5) | D5: =SUMIFS(Detalle!$G$4:$G$12,Detalle!$A$4:$A$12,A5) | E5: =SUMIFS(Detalle!$H$4:$H$12,Detalle!$A$4:$A$12,A5) | F5: =IFERROR((C5+D5)/B5,0) | G5: =SUMIFS(Detalle!$K$4:$K$12,Detalle!$A$4:$A$12,A5) | H5: =B5-G5 | I5: =SUMIFS(Detalle!$E$4:$E$12,Detalle!$A$4:$A$12,A5,Detalle!$B$4:$B$12,"CONTINGENCIA") | J5: =SUMIFS(Detalle!$C$4:$C$12,Detalle!$A$4:$A$12,A5,Detalle!$B$4:$B$12,"CONTINGENCIA")+SUMIFS(Modificaciones!$G$2:$G$7,Modificaciones!$E$2:$E$7,A5,Modificaciones!$F$2:$F$7,"CONTINGENCIA",Modificaciones!$C$2:$C$7,"enmienda")
A6: sp2 | B6: =SUMIFS(Detalle!$E$4:$E$12,Detalle!$A$4:$A$12,A6) | C6: =SUMIFS(Detalle!$F$4:$F$12,Detalle!$A$4:$A$12,A6) | D6: =SUMIFS(Detalle!$G$4:$G$12,Detalle!$A$4:$A$12,A6) | E6: =SUMIFS(Detalle!$H$4:$H$12,Detalle!$A$4:$A$12,A6) | F6: =IFERROR((C6+D6)/B6,0) | G6: =SUMIFS(Detalle!$K$4:$K$12,Detalle!$A$4:$A$12,A6) | H6: =B6-G6 | I6: =SUMIFS(Detalle!$E$4:$E$12,Detalle!$A$4:$A$12,A6,Detalle!$B$4:$B$12,"CONTINGENCIA") | J6: =SUMIFS(Detalle!$C$4:$C$12,Detalle!$A$4:$A$12,A6,Detalle!$B$4:$B$12,"CONTINGENCIA")+SUMIFS(Modificaciones!$G$2:$G$7,Modificaciones!$E$2:$E$7,A6,Modificaciones!$F$2:$F$7,"CONTINGENCIA",Modificaciones!$C$2:$C$7,"enmienda")
A7: sp3 | B7: =SUMIFS(Detalle!$E$4:$E$12,Detalle!$A$4:$A$12,A7) | C7: =SUMIFS(Detalle!$F$4:$F$12,Detalle!$A$4:$A$12,A7) | D7: =SUMIFS(Detalle!$G$4:$G$12,Detalle!$A$4:$A$12,A7) | E7: =SUMIFS(Detalle!$H$4:$H$12,Detalle!$A$4:$A$12,A7) | F7: =IFERROR((C7+D7)/B7,0) | G7: =SUMIFS(Detalle!$K$4:$K$12,Detalle!$A$4:$A$12,A7) | H7: =B7-G7 | I7: =SUMIFS(Detalle!$E$4:$E$12,Detalle!$A$4:$A$12,A7,Detalle!$B$4:$B$12,"CONTINGENCIA") | J7: =SUMIFS(Detalle!$C$4:$C$12,Detalle!$A$4:$A$12,A7,Detalle!$B$4:$B$12,"CONTINGENCIA")+SUMIFS(Modificaciones!$G$2:$G$7,Modificaciones!$E$2:$E$7,A7,Modificaciones!$F$2:$F$7,"CONTINGENCIA",Modificaciones!$C$2:$C$7,"enmienda")
A8: Total programa | B8: =SUM(B4:B7) | C8: =SUM(C4:C7) | D8: =SUM(D4:D7) | E8: =SUM(E4:E7) | F8: =IFERROR((C8+D8)/B8,0) | G8: =SUM(G4:G7) | H8: =SUM(H4:H7) | I8: =SUM(I4:I7) | J8: =SUM(J4:J7)

Sheet Detalle
A1: Detalle por subproyecto y cuenta (CLP)
A2: Fórmulas sobre las hojas de datos. Azul = por gastar estimado (editable para simular). La fuente son los CSV de presupuesto/.
A3: Subproyecto | B3: Cuenta | C3: Base | D3: Modificaciones | E3: Vigente | F3: Comprometido | G3: Real | H3: Disponible | I3: Ejecutado | J3: Por gastar | K3: Estimado al término | L3: Desviación
A4: PROGRAMA | B4: GESTION | C4: =SUMIFS(Presupuesto!$D$2:$D$8,Presupuesto!$A$2:$A$8,A4,Presupuesto!$B$2:$B$8,B4) | D4: =SUMIFS(Modificaciones!$G$2:$G$7,Modificaciones!$E$2:$E$7,A4,Modificaciones!$F$2:$F$7,B4) | E4: =C4+D4 | F4: =SUMIFS(Gastos!$E$2:$E$8,Gastos!$B$2:$B$8,A4,Gastos!$C$2:$C$8,B4,Gastos!$D$2:$D$8,"comprometido") | G4: =SUMIFS(Gastos!$E$2:$E$8,Gastos!$B$2:$B$8,A4,Gastos!$C$2:$C$8,B4,Gastos!$D$2:$D$8,"real") | H4: =E4-F4-G4 | I4: =IFERROR((F4+G4)/E4,0) | K4: =IF(J4="",MAX(E4,F4+G4),F4+G4+J4) | L4: =E4-K4
A5: PROGRAMA | B5: CONTINGENCIA | C5: =SUMIFS(Presupuesto!$D$2:$D$8,Presupuesto!$A$2:$A$8,A5,Presupuesto!$B$2:$B$8,B5) | D5: =SUMIFS(Modificaciones!$G$2:$G$7,Modificaciones!$E$2:$E$7,A5,Modificaciones!$F$2:$F$7,B5) | E5: =C5+D5 | F5: =SUMIFS(Gastos!$E$2:$E$8,Gastos!$B$2:$B$8,A5,Gastos!$C$2:$C$8,B5,Gastos!$D$2:$D$8,"comprometido") | G5: =SUMIFS(Gastos!$E$2:$E$8,Gastos!$B$2:$B$8,A5,Gastos!$C$2:$C$8,B5,Gastos!$D$2:$D$8,"real") | H5: =E5-F5-G5 | I5: =IFERROR((F5+G5)/E5,0) | K5: =F5+G5 | L5: =E5-K5
A6: sp1 | B6: LICENCIAS | C6: =SUMIFS(Presupuesto!$D$2:$D$8,Presupuesto!$A$2:$A$8,A6,Presupuesto!$B$2:$B$8,B6) | D6: =SUMIFS(Modificaciones!$G$2:$G$7,Modificaciones!$E$2:$E$7,A6,Modificaciones!$F$2:$F$7,B6) | E6: =C6+D6 | F6: =SUMIFS(Gastos!$E$2:$E$8,Gastos!$B$2:$B$8,A6,Gastos!$C$2:$C$8,B6,Gastos!$D$2:$D$8,"comprometido") | G6: =SUMIFS(Gastos!$E$2:$E$8,Gastos!$B$2:$B$8,A6,Gastos!$C$2:$C$8,B6,Gastos!$D$2:$D$8,"real") | H6: =E6-F6-G6 | I6: =IFERROR((F6+G6)/E6,0) | K6: =IF(J6="",MAX(E6,F6+G6),F6+G6+J6) | L6: =E6-K6
A7: sp1 | B7: RRHH | C7: =SUMIFS(Presupuesto!$D$2:$D$8,Presupuesto!$A$2:$A$8,A7,Presupuesto!$B$2:$B$8,B7) | D7: =SUMIFS(Modificaciones!$G$2:$G$7,Modificaciones!$E$2:$E$7,A7,Modificaciones!$F$2:$F$7,B7) | E7: =C7+D7 | F7: =SUMIFS(Gastos!$E$2:$E$8,Gastos!$B$2:$B$8,A7,Gastos!$C$2:$C$8,B7,Gastos!$D$2:$D$8,"comprometido") | G7: =SUMIFS(Gastos!$E$2:$E$8,Gastos!$B$2:$B$8,A7,Gastos!$C$2:$C$8,B7,Gastos!$D$2:$D$8,"real") | H7: =E7-F7-G7 | I7: =IFERROR((F7+G7)/E7,0) | K7: =IF(J7="",MAX(E7,F7+G7),F7+G7+J7) | L7: =E7-K7
A8: sp1 | B8: CONTINGENCIA | C8: =SUMIFS(Presupuesto!$D$2:$D$8,Presupuesto!$A$2:$A$8,A8,Presupuesto!$B$2:$B$8,B8) | D8: =SUMIFS(Modificaciones!$G$2:$G$7,Modificaciones!$E$2:$E$7,A8,Modificaciones!$F$2:$F$7,B8) | E8: =C8+D8 | F8: =SUMIFS(Gastos!$E$2:$E$8,Gastos!$B$2:$B$8,A8,Gastos!$C$2:$C$8,B8,Gastos!$D$2:$D$8,"comprometido") | G8: =SUMIFS(Gastos!$E$2:$E$8,Gastos!$B$2:$B$8,A8,Gastos!$C$2:$C$8,B8,Gastos!$D$2:$D$8,"real") | H8: =E8-F8-G8 | I8: =IFERROR((F8+G8)/E8,0) | K8: =F8+G8 | L8: =E8-K8
A9: sp2 | B9: EQUIPOS | C9: =SUMIFS(Presupuesto!$D$2:$D$8,Presupuesto!$A$2:$A$8,A9,Presupuesto!$B$2:$B$8,B9) | D9: =SUMIFS(Modificaciones!$G$2:$G$7,Modificaciones!$E$2:$E$7,A9,Modificaciones!$F$2:$F$7,B9) | E9: =C9+D9 | F9: =SUMIFS(Gastos!$E$2:$E$8,Gastos!$B$2:$B$8,A9,Gastos!$C$2:$C$8,B9,Gastos!$D$2:$D$8,"comprometido") | G9: =SUMIFS(Gastos!$E$2:$E$8,Gastos!$B$2:$B$8,A9,Gastos!$C$2:$C$8,B9,Gastos!$D$2:$D$8,"real") | H9: =E9-F9-G9 | I9: =IFERROR((F9+G9)/E9,0) | K9: =IF(J9="",MAX(E9,F9+G9),F9+G9+J9) | L9: =E9-K9
A10: sp2 | B10: RRHH | C10: =SUMIFS(Presupuesto!$D$2:$D$8,Presupuesto!$A$2:$A$8,A10,Presupuesto!$B$2:$B$8,B10) | D10: =SUMIFS(Modificaciones!$G$2:$G$7,Modificaciones!$E$2:$E$7,A10,Modificaciones!$F$2:$F$7,B10) | E10: =C10+D10 | F10: =SUMIFS(Gastos!$E$2:$E$8,Gastos!$B$2:$B$8,A10,Gastos!$C$2:$C$8,B10,Gastos!$D$2:$D$8,"comprometido") | G10: =SUMIFS(Gastos!$E$2:$E$8,Gastos!$B$2:$B$8,A10,Gastos!$C$2:$C$8,B10,Gastos!$D$2:$D$8,"real") | H10: =E10-F10-G10 | I10: =IFERROR((F10+G10)/E10,0) | J10: 110000000 | K10: =IF(J10="",MAX(E10,F10+G10),F10+G10+J10) | L10: =E10-K10
A11: sp3 | B11: RRHH | C11: =SUMIFS(Presupuesto!$D$2:$D$8,Presupuesto!$A$2:$A$8,A11,Presupuesto!$B$2:$B$8,B11) | D11: =SUMIFS(Modificaciones!$G$2:$G$7,Modificaciones!$E$2:$E$7,A11,Modificaciones!$F$2:$F$7,B11) | E11: =C11+D11 | F11: =SUMIFS(Gastos!$E$2:$E$8,Gastos!$B$2:$B$8,A11,Gastos!$C$2:$C$8,B11,Gastos!$D$2:$D$8,"comprometido") | G11: =SUMIFS(Gastos!$E$2:$E$8,Gastos!$B$2:$B$8,A11,Gastos!$C$2:$C$8,B11,Gastos!$D$2:$D$8,"real") | H11: =E11-F11-G11 | I11: =IFERROR((F11+G11)/E11,0) | K11: =IF(J11="",MAX(E11,F11+G11),F11+G11+J11) | L11: =E11-K11
A12: sp3 | B12: CONTINGENCIA | C12: =SUMIFS(Presupuesto!$D$2:$D$8,Presupuesto!$A$2:$A$8,A12,Presupuesto!$B$2:$B$8,B12) | D12: =SUMIFS(Modificaciones!$G$2:$G$7,Modificaciones!$E$2:$E$7,A12,Modificaciones!$F$2:$F$7,B12) | E12: =C12+D12 | F12: =SUMIFS(Gastos!$E$2:$E$8,Gastos!$B$2:$B$8,A12,Gastos!$C$2:$C$8,B12,Gastos!$D$2:$D$8,"comprometido") | G12: =SUMIFS(Gastos!$E$2:$E$8,Gastos!$B$2:$B$8,A12,Gastos!$C$2:$C$8,B12,Gastos!$D$2:$D$8,"real") | H12: =E12-F12-G12 | I12: =IFERROR((F12+G12)/E12,0) | K12: =F12+G12 | L12: =E12-K12

Sheet Presupuesto
A1: subproyecto | B1: cuenta | C1: descripcion | D1: monto_base | E1: documento
A2: PROGRAMA | B2: GESTION | C2: Oficina del programa | D2: 40000000 | E2: C00
A3: PROGRAMA | B3: CONTINGENCIA | C3: Contingencia del programa | D3: 60000000 | E3: C00
A4: sp1 | B4: RRHH | C4: Consultores ERP | D4: 300000000 | E4: C00
A5: sp1 | B5: LICENCIAS | C5: Licencias ERP | D5: 150000000 | E5: C00
A6: sp1 | B6: CONTINGENCIA | C6: Contingencia ERP | D6: 30000000 | E6: C00
A7: sp2 | B7: RRHH | C7: Desarrollo de la app | D7: 250000000 | E7: C00
A8: sp2 | B8: EQUIPOS | C8: Dispositivos para choferes | D8: 60000000 | E8: C00

Sheet Modificaciones
A1: id | B1: fecha | C1: tipo | D1: documento | E1: subproyecto | F1: cuenta | G1: monto | H1: motivo | I1: aprobado_por
A2: M-01 | B2: 2026-08-20 | C2: enmienda | D2: E01 | E2: sp3 | F2: RRHH | G2: 180000000 | H2: Incorpora el Portal de clientes | I2: Partes (E01)
A3: M-02 | B3: 2026-08-20 | C3: enmienda | D3: E01 | E3: sp3 | F3: CONTINGENCIA | G3: 20000000 | H3: Contingencia del Portal | I3: Partes (E01)
A4: M-03 | B4: 2026-09-10 | C4: contingencia | D4: ACTA-05 | E4: sp1 | F4: CONTINGENCIA | G4: -25000000 | H4: Migración de datos más compleja | I4: Comité
A5: M-03 | B5: 2026-09-10 | C5: contingencia | D5: ACTA-05 | E5: sp1 | F5: RRHH | G5: 25000000 | H5: Migración de datos más compleja | I5: Comité
A6: M-04 | B6: 2026-09-15 | C6: contingencia | D6: ACTA-06 | E6: PROGRAMA | F6: CONTINGENCIA | G6: -40000000 | H6: Refuerzo del equipo de la app | I6: Comité
A7: M-04 | B7: 2026-09-15 | C7: contingencia | D7: ACTA-06 | E7: sp2 | F7: RRHH | G7: 40000000 | H7: Refuerzo del equipo de la app | I7: Comité

Sheet Gastos
A1: fecha | B1: subproyecto | C1: cuenta | D1: tipo | E1: monto | F1: documento | G1: proveedor | H1: descripcion
A2: 2026-06-30 | B2: PROGRAMA | C2: GESTION | D2: real | E2: 15000000 | F2: F-100 | G2: Consultora | H2: Oficina del programa jun-sep
A3: 2026-09-30 | B3: sp1 | C3: RRHH | D3: real | E3: 240000000 | F3: F-201 | G3: Consultora | H3: Consultores ERP jun-sep
A4: 2026-07-15 | B4: sp1 | C4: LICENCIAS | D4: real | E4: 150000000 | F4: F-202 | G4: Proveedor ERP | H4: Licencias
A5: 2026-10-01 | B5: sp1 | C5: RRHH | D5: comprometido | E5: 70000000 | F5: OC-310 | G5: Consultora | H5: Consultores ERP oct-ene
A6: 2026-09-30 | B6: sp2 | C6: RRHH | D6: real | E6: 200000000 | F6: F-301 | G6: Consultora | H6: Desarrollo app jun-sep
A7: 2026-10-05 | B7: sp2 | C7: RRHH | D7: comprometido | E7: 60000000 | F7: OC-320 | G7: Consultora | H7: Desarrollo app oct-nov
A8: 2026-09-30 | B8: sp3 | C8: RRHH | D8: real | E8: 20000000 | F8: F-401 | G8: Consultora | H8: Diseño del portal
